,name,open,pre_close,price,high,low,bid,ask,volume,amount,b1_v,b1_p,b2_v,b2_p,b3_v,b3_p,b4_v,b4_p,b5_v,b5_p,a1_v,a1_p,a2_v,a2_p,a3_v,a3_p,a4_v,a4_p,a5_v,a5_p,date,time,code
0,上证指数,2827.0823,2831.1837,2807.3307,2837.5092,2804.4929,0,0,76827458,93138775701,,0,,0,,0,,0,,0,,0,,0,,0,,0,,0,2018-07-16,13:34:51,000001
1,众泰汽车,7.170,7.100,7.120,7.200,7.030,7.110,7.120,3788412,26892792.240,175,7.110,307,7.100,236,7.090,528,7.080,130,7.070,394,7.120,2873,7.130,116,7.140,571,7.150,301,7.160,2018-07-16,13:34:51,000980
0,上证指数,2827.0823,2831.1837,2807.3307,2837.5092,2804.4929,0,0,76827458,93138775701,,0,,0,,0,,0,,0,,0,,0,,0,,0,,0,2018-07-16,13:34:51,000001
1,众泰汽车,7.170,7.100,7.120,7.200,7.030,7.110,7.120,3788412,26892792.240,175,7.110,307,7.100,236,7.090,528,7.080,130,7.070,394,7.120,2873,7.130,116,7.140,571,7.150,301,7.160,2018-07-16,13:34:51,000980
0,上证指数,2827.0823,2831.1837,2807.3094,2837.5092,2804.4929,0,0,76849788,93166461118,,0,,0,,0,,0,,0,,0,,0,,0,,0,,0,2018-07-16,13:34:56,000001
1,众泰汽车,7.170,7.100,7.120,7.200,7.030,7.110,7.120,3788412,26892792.240,175,7.110,307,7.100,236,7.090,528,7.080,130,7.070,394,7.120,2873,7.130,116,7.140,571,7.150,301,7.160,2018-07-16,13:34:51,000980
0,上证指数,2827.0823,2831.1837,2807.3094,2837.5092,2804.4929,0,0,76849788,93166461118,,0,,0,,0,,0,,0,,0,,0,,0,,0,,0,2018-07-16,13:34:56,000001
1,众泰汽车,7.170,7.100,7.120,7.200,7.030,7.110,7.120,3788412,26892792.240,175,7.110,307,7.100,236,7.090,528,7.080,130,7.070,534,7.120,2873,7.130,116,7.140,571,7.150,301,7.160,2018-07-16,13:35:00,000980
0,上证指数,2827.0823,2831.1837,2807.3094,2837.5092,2804.4929,0,0,76849788,93166461118,,0,,0,,0,,0,,0,,0,,0,,0,,0,,0,2018-07-16,13:34:56,000001
1,众泰汽车,7.170,7.100,7.120,7.200,7.030,7.110,7.120,3788412,26892792.240,175,7.110,307,7.100,236,7.090,528,7.080,130,7.070,534,7.120,2873,7.130,116,7.140,571,7.150,301,7.160,2018-07-16,13:35:00,000980
0,上证指数,2827.0823,2831.1837,2807.3094,2837.5092,2804.4929,0,0,76849788,93166461118,,0,,0,,0,,0,,0,,0,,0,,0,,0,,0,2018-07-16,13:34:56,000001
1,众泰汽车,7.170,7.100,7.120,7.200,7.030,7.110,7.120,3788412,26892792.240,175,7.110,307,7.100,236,7.090,528,7.080,130,7.070,534,7.120,2873,7.130,116,7.140,571,7.150,301,7.160,2018-07-16,13:35:00,000980
0,上证指数,2827.0823,2831.1837,2807.3094,2837.5092,2804.4929,0,0,76849788,93166461118,,0,,0,,0,,0,,0,,0,,0,,0,,0,,0,2018-07-16,13:34:56,000001
1,众泰汽车,7.170,7.100,7.120,7.200,7.030,7.110,7.120,3788412,26892792.240,175,7.110,307,7.100,236,7.090,528,7.080,130,7.070,534,7.120,2873,7.130,116,7.140,571,7.150,301,7.160,2018-07-16,13:35:00,000980
0,上证指数,2827.0823,2831.1837,2807.3094,2837.5092,2804.4929,0,0,76849788,93166461118,,0,,0,,0,,0,,0,,0,,0,,0,,0,,0,2018-07-16,13:34:56,000001
1,众泰汽车,7.170,7.100,7.120,7.200,7.030,7.110,7.120,3788412,26892792.240,175,7.110,307,7.100,236,7.090,528,7.080,130,7.070,534,7.120,2873,7.130,116,7.140,571,7.150,301,7.160,2018-07-16,13:35:00,000980
0,上证指数,2827.0823,2831.1837,2806.9959,2837.5092,2804.4929,0,0,76869162,93191986490,,0,,0,,0,,0,,0,,0,,0,,0,,0,,0,2018-07-16,13:35:01,000001
1,众泰汽车,7.170,7.100,7.120,7.200,7.030,7.110,7.120,3788412,26892792.240,175,7.110,307,7.100,236,7.090,528,7.080,130,7.070,534,7.120,2873,7.130,116,7.140,571,7.150,301,7.160,2018-07-16,13:35:00,000980
0,上证指数,2827.0823,2831.1837,2807.2405,2837.5092,2804.4929,0,0,76885672,93214211083,,0,,0,,0,,0,,0,,0,,0,,0,,0,,0,2018-07-16,13:35:06,000001
1,众泰汽车,7.170,7.100,7.120,7.200,7.030,7.110,7.120,3788412,26892792.240,175,7.110,307,7.100,236,7.090,528,7.080,130,7.070,534,7.120,2873,7.130,116,7.140,571,7.150,301,7.160,2018-07-16,13:35:00,000980
0,上证指数,2827.0823,2831.1837,2807.2405,2837.5092,2804.4929,0,0,76885672,93214211083,,0,,0,,0,,0,,0,,0,,0,,0,,0,,0,2018-07-16,13:35:06,000001
1,众泰汽车,7.170,7.100,7.110,7.200,7.030,7.110,7.120,3788612,26894214.240,173,7.110,307,7.100,236,7.090,528,7.080,130,7.070,534,7.120,2873,7.130,116,7.140,571,7.150,301,7.160,2018-07-16,13:35:09,000980
0,上证指数,2827.0823,2831.1837,2807.2405,2837.5092,2804.4929,0,0,76885672,93214211083,,0,,0,,0,,0,,0,,0,,0,,0,,0,,0,2018-07-16,13:35:06,000001
1,众泰汽车,7.170,7.100,7.110,7.200,7.030,7.110,7.120,3788612,26894214.240,173,7.110,307,7.100,236,7.090,528,7.080,130,7.070,534,7.120,2873,7.130,116,7.140,571,7.150,301,7.160,2018-07-16,13:35:09,000980
0,上证指数,2827.0823,2831.1837,2807.2405,2837.5092,2804.4929,0,0,76885672,93214211083,,0,,0,,0,,0,,0,,0,,0,,0,,0,,0,2018-07-16,13:35:06,000001
1,众泰汽车,7.170,7.100,7.110,7.200,7.030,7.110,7.120,3788612,26894214.240,173,7.110,307,7.100,236,7.090,528,7.080,130,7.070,534,7.120,2873,7.130,116,7.140,571,7.150,301,7.160,2018-07-16,13:35:09,000980
0,上证指数,2827.0823,2831.1837,2807.2405,2837.5092,2804.4929,0,0,76885672,93214211083,,0,,0,,0,,0,,0,,0,,0,,0,,0,,0,2018-07-16,13:35:06,000001
1,众泰汽车,7.170,7.100,7.110,7.200,7.030,7.110,7.120,3788612,26894214.240,173,7.110,307,7.100,236,7.090,528,7.080,130,7.070,544,7.120,2873,7.130,116,7.140,571,7.150,301,7.160,2018-07-16,13:35:12,000980
0,上证指数,2827.0823,2831.1837,2807.2405,2837.5092,2804.4929,0,0,76885672,93214211083,,0,,0,,0,,0,,0,,0,,0,,0,,0,,0,2018-07-16,13:35:06,000001
1,众泰汽车,7.170,7.100,7.110,7.200,7.030,7.110,7.120,3788612,26894214.240,173,7.110,307,7.100,236,7.090,528,7.080,130,7.070,544,7.120,2873,7.130,116,7.140,571,7.150,301,7.160,2018-07-16,13:35:12,000980
0,上证指数,2827.0823,2831.1837,2807.2675,2837.5092,2804.4929,0,0,76906962,93242248933,,0,,0,,0,,0,,0,,0,,0,,0,,0,,0,2018-07-16,13:35:11,000001
1,众泰汽车,7.170,7.100,7.110,7.200,7.030,7.110,7.120,3788612,26894214.240,173,7.110,307,7.100,236,7.090,528,7.080,130,7.070,544,7.120,2873,7.130,116,7.140,571,7.150,301,7.160,2018-07-16,13:35:12,000980
0,上证指数,2827.0823,2831.1837,2807.2675,2837.5092,2804.4929,0,0,76906962,93242248933,,0,,0,,0,,0,,0,,0,,0,,0,,0,,0,2018-07-16,13:35:11,000001
1,众泰汽车,7.170,7.100,7.110,7.200,7.030,7.110,7.120,3788612,26894214.240,173,7.110,307,7.100,236,7.090,528,7.080,130,7.070,544,7.120,2873,7.130,116,7.140,571,7.150,301,7.160,2018-07-16,13:35:12,000980
0,上证指数,2827.0823,2831.1837,2807.2675,2837.5092,2804.4929,0,0,76906962,93242248933,,0,,0,,0,,0,,0,,0,,0,,0,,0,,0,2018-07-16,13:35:11,000001
1,众泰汽车,7.170,7.100,7.110,7.200,7.030,7.110,7.120,3788612,26894214.240,173,7.110,307,7.100,236,7.090,528,7.080,130,7.070,544,7.120,2873,7.130,116,7.140,571,7.150,301,7.160,2018-07-16,13:35:12,000980
0,上证指数,2827.0823,2831.1837,2807.2675,2837.5092,2804.4929,0,0,76906962,93242248933,,0,,0,,0,,0,,0,,0,,0,,0,,0,,0,2018-07-16,13:35:11,000001
1,众泰汽车,7.170,7.100,7.110,7.200,7.030,7.110,7.120,3788612,26894214.240,173,7.110,307,7.100,236,7.090,528,7.080,130,7.070,544,7.120,2873,7.130,116,7.140,571,7.150,301,7.160,2018-07-16,13:35:12,000980
0,上证指数,2827.0823,2831.1837,2807.2675,2837.5092,2804.4929,0,0,76906962,93242248933,,0,,0,,0,,0,,0,,0,,0,,0,,0,,0,2018-07-16,13:35:11,000001
1,众泰汽车,7.170,7.100,7.110,7.200,7.030,7.110,7.120,3788612,26894214.240,173,7.110,307,7.100,236,7.090,528,7.080,130,7.070,544,7.120,2873,7.130,116,7.140,571,7.150,301,7.160,2018-07-16,13:35:12,000980
0,上证指数,2827.0823,2831.1837,2807.2675,2837.5092,2804.4929,0,0,76906962,93242248933,,0,,0,,0,,0,,0,,0,,0,,0,,0,,0,2018-07-16,13:35:11,000001
1,众泰汽车,7.170,7.100,7.110,7.200,7.030,7.110,7.120,3788612,26894214.240,173,7.110,307,7.100,236,7.090,528,7.080,131,7.070,544,7.120,2873,7.130,116,7.140,571,7.150,301,7.160,2018-07-16,13:35:21,000980
0,上证指数,2827.0823,2831.1837,2807.2419,2837.5092,2804.4929,0,0,76933278,93276571131,,0,,0,,0,,0,,0,,0,,0,,0,,0,,0,2018-07-16,13:35:16,000001
1,众泰汽车,7.170,7.100,7.110,7.200,7.030,7.110,7.120,3788612,26894214.240,173,7.110,307,7.100,236,7.090,528,7.080,131,7.070,544,7.120,2873,7.130,116,7.140,571,7.150,301,7.160,2018-07-16,13:35:21,000980
0,上证指数,2827.0823,2831.1837,2807.1675,2837.5092,2804.4929,0,0,76955508,93302924333,,0,,0,,0,,0,,0,,0,,0,,0,,0,,0,2018-07-16,13:35:21,000001
1,众泰汽车,7.170,7.100,7.110,7.200,7.030,7.110,7.120,3788612,26894214.240,173,7.110,307,7.100,236,7.090,528,7.080,131,7.070,544,7.120,2873,7.130,116,7.140,571,7.150,301,7.160,2018-07-16,13:35:21,000980
0,上证指数,2827.0823,2831.1837,2807.1675,2837.5092,2804.4929,0,0,76955508,93302924333,,0,,0,,0,,0,,0,,0,,0,,0,,0,,0,2018-07-16,13:35:21,000001
1,众泰汽车,7.170,7.100,7.110,7.200,7.030,7.110,7.120,3788612,26894214.240,173,7.110,307,7.100,236,7.090,528,7.080,131,7.070,544,7.120,2873,7.130,116,7.140,571,7.150,301,7.160,2018-07-16,13:35:21,000980
0,上证指数,2827.0823,2831.1837,2807.1675,2837.5092,2804.4929,0,0,76955508,93302924333,,0,,0,,0,,0,,0,,0,,0,,0,,0,,0,2018-07-16,13:35:21,000001
1,众泰汽车,7.170,7.100,7.110,7.200,7.030,7.110,7.120,3788612,26894214.240,173,7.110,307,7.100,236,7.090,528,7.080,131,7.070,544,7.120,2873,7.130,116,7.140,571,7.150,301,7.160,2018-07-16,13:35:21,000980
0,上证指数,2827.0823,2831.1837,2807.1675,2837.5092,2804.4929,0,0,76955508,93302924333,,0,,0,,0,,0,,0,,0,,0,,0,,0,,0,2018-07-16,13:35:21,000001
1,众泰汽车,7.170,7.100,7.110,7.200,7.030,7.110,7.120,3788612,26894214.240,175,7.110,307,7.100,236,7.090,528,7.080,131,7.070,544,7.120,2873,7.130,116,7.140,571,7.150,301,7.160,2018-07-16,13:35:27,000980
0,上证指数,2827.0823,2831.1837,2807.1675,2837.5092,2804.4929,0,0,76955508,93302924333,,0,,0,,0,,0,,0,,0,,0,,0,,0,,0,2018-07-16,13:35:21,000001
1,众泰汽车,7.170,7.100,7.110,7.200,7.030,7.110,7.120,3788612,26894214.240,175,7.110,307,7.100,236,7.090,528,7.080,131,7.070,544,7.120,2873,7.130,116,7.140,571,7.150,301,7.160,2018-07-16,13:35:27,000980
0,上证指数,2827.0823,2831.1837,2807.9735,2837.5092,2804.4929,0,0,76975620,93326908683,,0,,0,,0,,0,,0,,0,,0,,0,,0,,0,2018-07-16,13:35:26,000001
1,众泰汽车,7.170,7.100,7.110,7.200,7.030,7.110,7.120,3788612,26894214.240,175,7.110,307,7.100,236,7.090,528,7.080,131,7.070,544,7.120,2873,7.130,116,7.140,571,7.150,301,7.160,2018-07-16,13:35:27,000980
0,上证指数,2827.0823,2831.1837,2807.9735,2837.5092,2804.4929,0,0,76975620,93326908683,,0,,0,,0,,0,,0,,0,,0,,0,,0,,0,2018-07-16,13:35:26,000001
1,众泰汽车,7.170,7.100,7.110,7.200,7.030,7.110,7.120,3788612,26894214.240,175,7.110,307,7.100,236,7.090,528,7.080,131,7.070,544,7.120,2873,7.130,116,7.140,571,7.150,301,7.160,2018-07-16,13:35:27,000980
0,上证指数,2827.0823,2831.1837,2807.9735,2837.5092,2804.4929,0,0,76975620,93326908683,,0,,0,,0,,0,,0,,0,,0,,0,,0,,0,2018-07-16,13:35:26,000001
1,众泰汽车,7.170,7.100,7.110,7.200,7.030,7.110,7.120,3788612,26894214.240,175,7.110,307,7.100,236,7.090,528,7.080,131,7.070,544,7.120,2873,7.130,116,7.140,571,7.150,301,7.160,2018-07-16,13:35:27,000980
0,上证指数,2827.0823,2831.1837,2807.9735,2837.5092,2804.4929,0,0,76975620,93326908683,,0,,0,,0,,0,,0,,0,,0,,0,,0,,0,2018-07-16,13:35:26,000001
1,众泰汽车,7.170,7.100,7.110,7.200,7.030,7.110,7.120,3788612,26894214.240,175,7.110,307,7.100,236,7.090,528,7.080,131,7.070,544,7.120,2873,7.130,116,7.140,571,7.150,301,7.160,2018-07-16,13:35:27,000980
0,上证指数,2827.0823,2831.1837,2807.9735,2837.5092,2804.4929,0,0,76975620,93326908683,,0,,0,,0,,0,,0,,0,,0,,0,,0,,0,2018-07-16,13:35:26,000001
1,众泰汽车,7.170,7.100,7.110,7.200,7.030,7.110,7.120,3788612,26894214.240,175,7.110,307,7.100,236,7.090,528,7.080,131,7.070,644,7.120,2873,7.130,116,7.140,571,7.150,301,7.160,2018-07-16,13:35:33,000980
0,上证指数,2827.0823,2831.1837,2807.9735,2837.5092,2804.4929,0,0,76975620,93326908683,,0,,0,,0,,0,,0,,0,,0,,0,,0,,0,2018-07-16,13:35:26,000001
1,众泰汽车,7.170,7.100,7.110,7.200,7.030,7.110,7.120,3788612,26894214.240,175,7.110,307,7.100,236,7.090,528,7.080,131,7.070,644,7.120,2873,7.130,116,7.140,571,7.150,301,7.160,2018-07-16,13:35:33,000980
0,上证指数,2827.0823,2831.1837,2807.4583,2837.5092,2804.4929,0,0,76996736,93353194404,,0,,0,,0,,0,,0,,0,,0,,0,,0,,0,2018-07-16,13:35:31,000001
1,众泰汽车,7.170,7.100,7.110,7.200,7.030,7.110,7.120,3788612,26894214.240,175,7.110,307,7.100,236,7.090,528,7.080,131,7.070,644,7.120,2873,7.130,116,7.140,571,7.150,301,7.160,2018-07-16,13:35:33,000980
0,上证指数,2827.0823,2831.1837,2807.4583,2837.5092,2804.4929,0,0,76996736,93353194404,,0,,0,,0,,0,,0,,0,,0,,0,,0,,0,2018-07-16,13:35:31,000001
1,众泰汽车,7.170,7.100,7.110,7.200,7.030,7.110,7.120,3788612,26894214.240,175,7.110,307,7.100,236,7.090,528,7.080,131,7.070,644,7.120,2873,7.130,116,7.140,571,7.150,301,7.160,2018-07-16,13:35:33,000980
0,上证指数,2827.0823,2831.1837,2807.3963,2837.5092,2804.4929,0,0,77024280,93383857903,,0,,0,,0,,0,,0,,0,,0,,0,,0,,0,2018-07-16,13:35:36,000001
1,众泰汽车,7.170,7.100,7.110,7.200,7.030,7.110,7.120,3788612,26894214.240,175,7.110,307,7.100,236,7.090,528,7.080,131,7.070,644,7.120,2873,7.130,116,7.140,571,7.150,301,7.160,2018-07-16,13:35:33,000980
0,上证指数,2827.0823,2831.1837,2807.3963,2837.5092,2804.4929,0,0,77024280,93383857903,,0,,0,,0,,0,,0,,0,,0,,0,,0,,0,2018-07-16,13:35:36,000001
1,众泰汽车,7.170,7.100,7.110,7.200,7.030,7.110,7.120,3788612,26894214.240,175,7.110,307,7.100,236,7.090,528,7.080,131,7.070,644,7.120,2873,7.130,116,7.140,571,7.150,301,7.160,2018-07-16,13:35:33,000980
0,上证指数,2827.0823,2831.1837,2807.3963,2837.5092,2804.4929,0,0,77024280,93383857903,,0,,0,,0,,0,,0,,0,,0,,0,,0,,0,2018-07-16,13:35:36,000001
1,众泰汽车,7.170,7.100,7.110,7.200,7.030,7.110,7.120,3788612,26894214.240,175,7.110,307,7.100,236,7.090,528,7.080,131,7.070,644,7.120,2873,7.130,116,7.140,571,7.150,301,7.160,2018-07-16,13:35:33,000980
0,上证指数,2827.0823,2831.1837,2807.3963,2837.5092,2804.4929,0,0,77024280,93383857903,,0,,0,,0,,0,,0,,0,,0,,0,,0,,0,2018-07-16,13:35:36,000001
1,众泰汽车,7.170,7.100,7.110,7.200,7.030,7.110,7.120,3788612,26894214.240,175,7.110,307,7.100,236,7.090,528,7.080,131,7.070,644,7.120,2873,7.130,116,7.140,571,7.150,301,7.160,2018-07-16,13:35:33,000980
0,上证指数,2827.0823,2831.1837,2807.3963,2837.5092,2804.4929,0,0,77024280,93383857903,,0,,0,,0,,0,,0,,0,,0,,0,,0,,0,2018-07-16,13:35:36,000001
1,众泰汽车,7.170,7.100,7.110,7.200,7.030,7.110,7.120,3788612,26894214.240,175,7.110,307,7.100,236,7.090,528,7.080,131,7.070,644,7.120,2873,7.130,116,7.140,571,7.150,301,7.160,2018-07-16,13:35:33,000980
0,上证指数,2827.0823,2831.1837,2807.6785,2837.5092,2804.4929,0,0,77050462,93413795141,,0,,0,,0,,0,,0,,0,,0,,0,,0,,0,2018-07-16,13:35:41,000001
1,众泰汽车,7.170,7.100,7.110,7.200,7.030,7.110,7.120,3788612,26894214.240,175,7.110,307,7.100,236,7.090,528,7.080,131,7.070,644,7.120,2873,7.130,116,7.140,571,7.150,301,7.160,2018-07-16,13:35:33,000980
0,上证指数,2827.0823,2831.1837,2807.6785,2837.5092,2804.4929,0,0,77050462,93413795141,,0,,0,,0,,0,,0,,0,,0,,0,,0,,0,2018-07-16,13:35:41,000001
1,众泰汽车,7.170,7.100,7.110,7.200,7.030,7.110,7.120,3788612,26894214.240,175,7.110,307,7.100,236,7.090,528,7.080,131,7.070,644,7.120,2873,7.130,116,7.140,571,7.150,301,7.160,2018-07-16,13:35:33,000980
0,上证指数,2827.0823,2831.1837,2807.6785,2837.5092,2804.4929,0,0,77050462,93413795141,,0,,0,,0,,0,,0,,0,,0,,0,,0,,0,2018-07-16,13:35:41,000001
1,众泰汽车,7.170,7.100,7.110,7.200,7.030,7.110,7.120,3788612,26894214.240,175,7.110,307,7.100,236,7.090,528,7.080,131,7.070,644,7.120,2873,7.130,116,7.140,571,7.150,301,7.160,2018-07-16,13:35:33,000980
0,上证指数,2827.0823,2831.1837,2807.6785,2837.5092,2804.4929,0,0,77050462,93413795141,,0,,0,,0,,0,,0,,0,,0,,0,,0,,0,2018-07-16,13:35:41,000001
1,众泰汽车,7.170,7.100,7.110,7.200,7.030,7.110,7.120,3788612,26894214.240,176,7.110,307,7.100,236,7.090,528,7.080,131,7.070,644,7.120,2873,7.130,116,7.140,571,7.150,301,7.160,2018-07-16,13:35:48,000980
0,上证指数,2827.0823,2831.1837,2807.6785,2837.5092,2804.4929,0,0,77050462,93413795141,,0,,0,,0,,0,,0,,0,,0,,0,,0,,0,2018-07-16,13:35:41,000001
1,众泰汽车,7.170,7.100,7.110,7.200,7.030,7.110,7.120,3788612,26894214.240,176,7.110,307,7.100,236,7.090,528,7.080,131,7.070,644,7.120,2873,7.130,116,7.140,571,7.150,301,7.160,2018-07-16,13:35:48,000980
0,上证指数,2827.0823,2831.1837,2807.6785,2837.5092,2804.4929,0,0,77050462,93413795141,,0,,0,,0,,0,,0,,0,,0,,0,,0,,0,2018-07-16,13:35:41,000001
1,众泰汽车,7.170,7.100,7.110,7.200,7.030,7.110,7.120,3788612,26894214.240,176,7.110,307,7.100,236,7.090,528,7.080,131,7.070,644,7.120,2873,7.130,116,7.140,571,7.150,301,7.160,2018-07-16,13:35:48,000980
0,上证指数,2827.0823,2831.1837,2807.6785,2837.5092,2804.4929,0,0,77050462,93413795141,,0,,0,,0,,0,,0,,0,,0,,0,,0,,0,2018-07-16,13:35:41,000001
1,众泰汽车,7.170,7.100,7.110,7.200,7.030,7.110,7.120,3788612,26894214.240,176,7.110,307,7.100,236,7.090,528,7.080,131,7.070,644,7.120,2873,7.130,116,7.140,571,7.150,301,7.160,2018-07-16,13:35:48,000980
0,上证指数,2827.0823,2831.1837,2807.7423,2837.5092,2804.4929,0,0,77076111,93443342498,,0,,0,,0,,0,,0,,0,,0,,0,,0,,0,2018-07-16,13:35:46,000001
1,众泰汽车,7.170,7.100,7.110,7.200,7.030,7.110,7.120,3788612,26894214.240,176,7.110,307,7.100,236,7.090,528,7.080,131,7.070,644,7.120,2873,7.130,116,7.140,571,7.150,301,7.160,2018-07-16,13:35:48,000980
0,上证指数,2827.0823,2831.1837,2807.8155,2837.5092,2804.4929,0,0,77098993,93464385582,,0,,0,,0,,0,,0,,0,,0,,0,,0,,0,2018-07-16,13:35:51,000001
1,众泰汽车,7.170,7.100,7.110,7.200,7.030,7.110,7.120,3789012,26897058.240,172,7.110,307,7.100,236,7.090,528,7.080,131,7.070,644,7.120,2873,7.130,116,7.140,571,7.150,301,7.160,2018-07-16,13:35:54,000980
0,上证指数,2827.0823,2831.1837,2807.8155,2837.5092,2804.4929,0,0,77098993,93464385582,,0,,0,,0,,0,,0,,0,,0,,0,,0,,0,2018-07-16,13:35:51,000001
1,众泰汽车,7.170,7.100,7.110,7.200,7.030,7.110,7.120,3789012,26897058.240,172,7.110,307,7.100,236,7.090,528,7.080,131,7.070,644,7.120,2873,7.130,116,7.140,571,7.150,301,7.160,2018-07-16,13:35:54,000980
0,上证指数,2827.0823,2831.1837,2807.8155,2837.5092,2804.4929,0,0,77098993,93464385582,,0,,0,,0,,0,,0,,0,,0,,0,,0,,0,2018-07-16,13:35:51,000001
1,众泰汽车,7.170,7.100,7.110,7.200,7.030,7.110,7.120,3789012,26897058.240,172,7.110,307,7.100,236,7.090,528,7.080,131,7.070,644,7.120,2873,7.130,116,7.140,571,7.150,301,7.160,2018-07-16,13:35:54,000980
0,上证指数,2827.0823,2831.1837,2807.8155,2837.5092,2804.4929,0,0,77098993,93464385582,,0,,0,,0,,0,,0,,0,,0,,0,,0,,0,2018-07-16,13:35:51,000001
1,众泰汽车,7.170,7.100,7.120,7.200,7.030,7.110,7.120,3803712,27001722.240,172,7.110,307,7.100,236,7.090,528,7.080,131,7.070,497,7.120,2873,7.130,116,7.140,571,7.150,301,7.160,2018-07-16,13:35:57,000980
0,上证指数,2827.0823,2831.1837,2807.6859,2837.5092,2804.4929,0,0,77116822,93484624614,,0,,0,,0,,0,,0,,0,,0,,0,,0,,0,2018-07-16,13:35:56,000001
1,众泰汽车,7.170,7.100,7.120,7.200,7.030,7.110,7.120,3803712,27001722.240,172,7.110,307,7.100,236,7.090,528,7.080,131,7.070,497,7.120,2873,7.130,116,7.140,571,7.150,301,7.160,2018-07-16,13:35:57,000980
0,上证指数,2827.0823,2831.1837,2807.6859,2837.5092,2804.4929,0,0,77116822,93484624614,,0,,0,,0,,0,,0,,0,,0,,0,,0,,0,2018-07-16,13:35:56,000001
1,众泰汽车,7.170,7.100,7.120,7.200,7.030,7.110,7.120,3803712,27001722.240,172,7.110,307,7.100,236,7.090,528,7.080,131,7.070,497,7.120,2873,7.130,116,7.140,571,7.150,301,7.160,2018-07-16,13:35:57,000980
0,上证指数,2827.0823,2831.1837,2807.6859,2837.5092,2804.4929,0,0,77116822,93484624614,,0,,0,,0,,0,,0,,0,,0,,0,,0,,0,2018-07-16,13:35:56,000001
1,众泰汽车,7.170,7.100,7.120,7.200,7.030,7.110,7.120,3803712,27001722.240,172,7.110,307,7.100,236,7.090,528,7.080,131,7.070,497,7.120,2873,7.130,116,7.140,571,7.150,301,7.160,2018-07-16,13:35:57,000980
0,上证指数,2827.0823,2831.1837,2807.6859,2837.5092,2804.4929,0,0,77116822,93484624614,,0,,0,,0,,0,,0,,0,,0,,0,,0,,0,2018-07-16,13:35:56,000001
1,众泰汽车,7.170,7.100,7.120,7.200,7.030,7.110,7.120,3803712,27001722.240,172,7.110,307,7.100,236,7.090,528,7.080,131,7.070,497,7.120,2873,7.130,116,7.140,571,7.150,301,7.160,2018-07-16,13:35:57,000980
0,上证指数,2827.0823,2831.1837,2807.6859,2837.5092,2804.4929,0,0,77116822,93484624614,,0,,0,,0,,0,,0,,0,,0,,0,,0,,0,2018-07-16,13:35:56,000001
1,众泰汽车,7.170,7.100,7.120,7.200,7.030,7.110,7.120,3803712,27001722.240,172,7.110,307,7.100,236,7.090,528,7.080,131,7.070,497,7.120,2873,7.130,116,7.140,571,7.150,301,7.160,2018-07-16,13:35:57,000980
0,上证指数,2827.0823,2831.1837,2807.6859,2837.5092,2804.4929,0,0,77116822,93484624614,,0,,0,,0,,0,,0,,0,,0,,0,,0,,0,2018-07-16,13:35:56,000001
1,众泰汽车,7.170,7.100,7.120,7.200,7.030,7.110,7.120,3803712,27001722.240,172,7.110,307,7.100,236,7.090,528,7.080,131,7.070,497,7.120,2873,7.130,116,7.140,571,7.150,301,7.160,2018-07-16,13:35:57,000980
0,上证指数,2827.0823,2831.1837,2807.6859,2837.5092,2804.4929,0,0,77116822,93484624614,,0,,0,,0,,0,,0,,0,,0,,0,,0,,0,2018-07-16,13:35:56,000001
1,众泰汽车,7.170,7.100,7.120,7.200,7.030,7.110,7.120,3803712,27001722.240,172,7.110,307,7.100,236,7.090,528,7.080,131,7.070,497,7.120,2873,7.130,116,7.140,571,7.150,301,7.160,2018-07-16,13:35:57,000980
0,上证指数,2827.0823,2831.1837,2807.6859,2837.5092,2804.4929,0,0,77116822,93484624614,,0,,0,,0,,0,,0,,0,,0,,0,,0,,0,2018-07-16,13:35:56,000001
1,众泰汽车,7.170,7.100,7.120,7.200,7.030,7.110,7.120,3803712,27001722.240,172,7.110,307,7.100,236,7.090,528,7.080,131,7.070,497,7.120,2873,7.130,116,7.140,571,7.150,301,7.160,2018-07-16,13:35:57,000980
0,上证指数,2827.0823,2831.1837,2807.6859,2837.5092,2804.4929,0,0,77116822,93484624614,,0,,0,,0,,0,,0,,0,,0,,0,,0,,0,2018-07-16,13:35:56,000001
1,众泰汽车,7.170,7.100,7.120,7.200,7.030,7.110,7.120,3803712,27001722.240,172,7.110,307,7.100,236,7.090,528,7.080,131,7.070,497,7.120,2873,7.130,116,7.140,571,7.150,301,7.160,2018-07-16,13:35:57,000980
0,上证指数,2827.0823,2831.1837,2807.2254,2837.5092,2804.4929,0,0,77160913,93534811862,,0,,0,,0,,0,,0,,0,,0,,0,,0,,0,2018-07-16,13:36:06,000001
1,众泰汽车,7.170,7.100,7.120,7.200,7.030,7.110,7.120,3803712,27001722.240,172,7.110,307,7.100,236,7.090,528,7.080,131,7.070,497,7.120,2873,7.130,116,7.140,571,7.150,301,7.160,2018-07-16,13:35:57,000980
0,上证指数,2827.0823,2831.1837,2807.2254,2837.5092,2804.4929,0,0,77160913,93534811862,,0,,0,,0,,0,,0,,0,,0,,0,,0,,0,2018-07-16,13:36:06,000001
1,众泰汽车,7.170,7.100,7.120,7.200,7.030,7.110,7.120,3803712,27001722.240,172,7.110,307,7.100,236,7.090,528,7.080,131,7.070,497,7.120,2873,7.130,116,7.140,571,7.150,301,7.160,2018-07-16,13:35:57,000980
0,上证指数,2827.0823,2831.1837,2807.2254,2837.5092,2804.4929,0,0,77160913,93534811862,,0,,0,,0,,0,,0,,0,,0,,0,,0,,0,2018-07-16,13:36:06,000001
1,众泰汽车,7.170,7.100,7.120,7.200,7.030,7.110,7.120,3803712,27001722.240,172,7.110,307,7.100,236,7.090,528,7.080,131,7.070,497,7.120,2873,7.130,116,7.140,571,7.150,301,7.160,2018-07-16,13:35:57,000980
0,上证指数,2827.0823,2831.1837,2807.2254,2837.5092,2804.4929,0,0,77160913,93534811862,,0,,0,,0,,0,,0,,0,,0,,0,,0,,0,2018-07-16,13:36:06,000001
1,众泰汽车,7.170,7.100,7.120,7.200,7.030,7.110,7.120,3803712,27001722.240,172,7.110,307,7.100,236,7.090,528,7.080,131,7.070,497,7.120,2873,7.130,116,7.140,571,7.150,301,7.160,2018-07-16,13:35:57,000980
0,上证指数,2827.0823,2831.1837,2807.2254,2837.5092,2804.4929,0,0,77160913,93534811862,,0,,0,,0,,0,,0,,0,,0,,0,,0,,0,2018-07-16,13:36:06,000001
1,众泰汽车,7.170,7.100,7.120,7.200,7.030,7.110,7.120,3803712,27001722.240,172,7.110,307,7.100,236,7.090,528,7.080,131,7.070,497,7.120,2873,7.130,116,7.140,571,7.150,301,7.160,2018-07-16,13:35:57,000980
0,上证指数,2827.0823,2831.1837,2807.4837,2837.5092,2804.4929,0,0,77182779,93563049321,,0,,0,,0,,0,,0,,0,,0,,0,,0,,0,2018-07-16,13:36:11,000001
1,众泰汽车,7.170,7.100,7.120,7.200,7.030,7.110,7.120,3803712,27001722.240,172,7.110,307,7.100,236,7.090,528,7.080,131,7.070,497,7.120,2873,7.130,116,7.140,571,7.150,301,7.160,2018-07-16,13:35:57,000980
0,上证指数,2827.0823,2831.1837,2807.4837,2837.5092,2804.4929,0,0,77182779,93563049321,,0,,0,,0,,0,,0,,0,,0,,0,,0,,0,2018-07-16,13:36:11,000001
1,众泰汽车,7.170,7.100,7.120,7.200,7.030,7.110,7.120,3803712,27001722.240,172,7.110,307,7.100,236,7.090,528,7.080,131,7.070,497,7.120,2873,7.130,116,7.140,571,7.150,301,7.160,2018-07-16,13:35:57,000980
0,上证指数,2827.0823,2831.1837,2807.4837,2837.5092,2804.4929,0,0,77182779,93563049321,,0,,0,,0,,0,,0,,0,,0,,0,,0,,0,2018-07-16,13:36:11,000001
1,众泰汽车,7.170,7.100,7.120,7.200,7.030,7.110,7.120,3803712,27001722.240,172,7.110,307,7.100,236,7.090,528,7.080,131,7.070,497,7.120,2873,7.130,116,7.140,571,7.150,301,7.160,2018-07-16,13:35:57,000980
0,上证指数,2827.0823,2831.1837,2807.4837,2837.5092,2804.4929,0,0,77182779,93563049321,,0,,0,,0,,0,,0,,0,,0,,0,,0,,0,2018-07-16,13:36:11,000001
1,众泰汽车,7.170,7.100,7.120,7.200,7.030,7.110,7.120,3803712,27001722.240,172,7.110,327,7.100,236,7.090,528,7.080,131,7.070,497,7.120,2873,7.130,116,7.140,571,7.150,301,7.160,2018-07-16,13:36:18,000980
0,上证指数,2827.0823,2831.1837,2807.4837,2837.5092,2804.4929,0,0,77182779,93563049321,,0,,0,,0,,0,,0,,0,,0,,0,,0,,0,2018-07-16,13:36:11,000001
1,众泰汽车,7.170,7.100,7.120,7.200,7.030,7.110,7.120,3803712,27001722.240,172,7.110,327,7.100,236,7.090,528,7.080,131,7.070,497,7.120,2873,7.130,116,7.140,571,7.150,301,7.160,2018-07-16,13:36:18,000980
0,上证指数,2827.0823,2831.1837,2807.8602,2837.5092,2804.4929,0,0,77212719,93596390993,,0,,0,,0,,0,,0,,0,,0,,0,,0,,0,2018-07-16,13:36:16,000001
1,众泰汽车,7.170,7.100,7.120,7.200,7.030,7.110,7.120,3804612,27008130.240,163,7.110,327,7.100,236,7.090,528,7.080,131,7.070,488,7.120,2873,7.130,116,7.140,571,7.150,301,7.160,2018-07-16,13:36:21,000980
0,上证指数,2827.0823,2831.1837,2807.8602,2837.5092,2804.4929,0,0,77212719,93596390993,,0,,0,,0,,0,,0,,0,,0,,0,,0,,0,2018-07-16,13:36:16,000001
1,众泰汽车,7.170,7.100,7.120,7.200,7.030,7.110,7.120,3804612,27008130.240,163,7.110,327,7.100,236,7.090,528,7.080,131,7.070,488,7.120,2873,7.130,116,7.140,571,7.150,301,7.160,2018-07-16,13:36:21,000980
0,上证指数,2827.0823,2831.1837,2807.7355,2837.5092,2804.4929,0,0,77235539,93626086848,,0,,0,,0,,0,,0,,0,,0,,0,,0,,0,2018-07-16,13:36:21,000001
1,众泰汽车,7.170,7.100,7.120,7.200,7.030,7.110,7.120,3804612,27008130.240,163,7.110,327,7.100,236,7.090,528,7.080,131,7.070,488,7.120,2873,7.130,116,7.140,571,7.150,301,7.160,2018-07-16,13:36:21,000980
0,上证指数,2827.0823,2831.1837,2807.7355,2837.5092,2804.4929,0,0,77235539,93626086848,,0,,0,,0,,0,,0,,0,,0,,0,,0,,0,2018-07-16,13:36:21,000001
1,众泰汽车,7.170,7.100,7.120,7.200,7.030,7.110,7.120,3804612,27008130.240,163,7.110,327,7.100,236,7.090,528,7.080,131,7.070,488,7.120,2873,7.130,116,7.140,571,7.150,301,7.160,2018-07-16,13:36:21,000980
0,上证指数,2827.0823,2831.1837,2807.7355,2837.5092,2804.4929,0,0,77235539,93626086848,,0,,0,,0,,0,,0,,0,,0,,0,,0,,0,2018-07-16,13:36:21,000001
1,众泰汽车,7.170,7.100,7.120,7.200,7.030,7.110,7.120,3804612,27008130.240,163,7.110,327,7.100,236,7.090,528,7.080,131,7.070,488,7.120,2873,7.130,116,7.140,571,7.150,301,7.160,2018-07-16,13:36:21,000980
0,上证指数,2827.0823,2831.1837,2807.7355,2837.5092,2804.4929,0,0,77235539,93626086848,,0,,0,,0,,0,,0,,0,,0,,0,,0,,0,2018-07-16,13:36:21,000001
1,众泰汽车,7.170,7.100,7.120,7.200,7.030,7.110,7.120,3804612,27008130.240,163,7.110,327,7.100,236,7.090,528,7.080,131,7.070,488,7.120,2873,7.130,116,7.140,571,7.150,301,7.160,2018-07-16,13:36:21,000980
0,上证指数,2827.0823,2831.1837,2807.7355,2837.5092,2804.4929,0,0,77235539,93626086848,,0,,0,,0,,0,,0,,0,,0,,0,,0,,0,2018-07-16,13:36:21,000001
1,众泰汽车,7.170,7.100,7.120,7.200,7.030,7.110,7.120,3804612,27008130.240,163,7.110,327,7.100,236,7.090,528,7.080,131,7.070,488,7.120,2873,7.130,116,7.140,571,7.150,301,7.160,2018-07-16,13:36:21,000980
0,上证指数,2827.0823,2831.1837,2807.7355,2837.5092,2804.4929,0,0,77235539,93626086848,,0,,0,,0,,0,,0,,0,,0,,0,,0,,0,2018-07-16,13:36:21,000001
1,众泰汽车,7.170,7.100,7.120,7.200,7.030,7.110,7.120,3804612,27008130.240,163,7.110,327,7.100,236,7.090,528,7.080,131,7.070,488,7.120,2873,7.130,116,7.140,571,7.150,301,7.160,2018-07-16,13:36:21,000980
0,上证指数,2827.0823,2831.1837,2808.0588,2837.5092,2804.4929,0,0,77253715,93651061874,,0,,0,,0,,0,,0,,0,,0,,0,,0,,0,2018-07-16,13:36:26,000001
1,众泰汽车,7.170,7.100,7.120,7.200,7.030,7.110,7.120,3804612,27008130.240,182,7.110,327,7.100,236,7.090,528,7.080,131,7.070,488,7.120,2873,7.130,116,7.140,571,7.150,301,7.160,2018-07-16,13:36:30,000980
0,上证指数,2827.0823,2831.1837,2808.0588,2837.5092,2804.4929,0,0,77253715,93651061874,,0,,0,,0,,0,,0,,0,,0,,0,,0,,0,2018-07-16,13:36:26,000001
1,众泰汽车,7.170,7.100,7.120,7.200,7.030,7.110,7.120,3804612,27008130.240,182,7.110,327,7.100,236,7.090,528,7.080,131,7.070,488,7.120,2873,7.130,116,7.140,571,7.150,301,7.160,2018-07-16,13:36:30,000980
0,上证指数,2827.0823,2831.1837,2808.0588,2837.5092,2804.4929,0,0,77253715,93651061874,,0,,0,,0,,0,,0,,0,,0,,0,,0,,0,2018-07-16,13:36:26,000001
1,众泰汽车,7.170,7.100,7.120,7.200,7.030,7.110,7.120,3804612,27008130.240,182,7.110,327,7.100,236,7.090,528,7.080,131,7.070,488,7.120,2873,7.130,116,7.140,571,7.150,301,7.160,2018-07-16,13:36:30,000980
0,上证指数,2827.0823,2831.1837,2808.0588,2837.5092,2804.4929,0,0,77253715,93651061874,,0,,0,,0,,0,,0,,0,,0,,0,,0,,0,2018-07-16,13:36:26,000001
1,众泰汽车,7.170,7.100,7.120,7.200,7.030,7.110,7.120,3804912,27010266.240,182,7.110,327,7.100,236,7.090,528,7.080,131,7.070,485,7.120,2873,7.130,116,7.140,571,7.150,301,7.160,2018-07-16,13:36:33,000980
0,上证指数,2827.0823,2831.1837,2808.0588,2837.5092,2804.4929,0,0,77253715,93651061874,,0,,0,,0,,0,,0,,0,,0,,0,,0,,0,2018-07-16,13:36:26,000001
1,众泰汽车,7.170,7.100,7.120,7.200,7.030,7.110,7.120,3804912,27010266.240,182,7.110,327,7.100,236,7.090,528,7.080,131,7.070,485,7.120,2873,7.130,116,7.140,571,7.150,301,7.160,2018-07-16,13:36:33,000980
0,上证指数,2827.0823,2831.1837,2808.0983,2837.5092,2804.4929,0,0,77282677,93678002832,,0,,0,,0,,0,,0,,0,,0,,0,,0,,0,2018-07-16,13:36:31,000001
1,众泰汽车,7.170,7.100,7.110,7.200,7.030,7.110,7.120,3809912,27045816.240,132,7.110,327,7.100,236,7.090,528,7.080,131,7.070,485,7.120,2873,7.130,116,7.140,571,7.150,301,7.160,2018-07-16,13:36:36,000980
0,上证指数,2827.0823,2831.1837,2808.0983,2837.5092,2804.4929,0,0,77282677,93678002832,,0,,0,,0,,0,,0,,0,,0,,0,,0,,0,2018-07-16,13:36:31,000001
1,众泰汽车,7.170,7.100,7.110,7.200,7.030,7.110,7.120,3809912,27045816.240,132,7.110,327,7.100,236,7.090,528,7.080,131,7.070,485,7.120,2873,7.130,116,7.140,571,7.150,301,7.160,2018-07-16,13:36:36,000980
0,上证指数,2827.0823,2831.1837,2807.6323,2837.5092,2804.4929,0,0,77302496,93698980535,,0,,0,,0,,0,,0,,0,,0,,0,,0,,0,2018-07-16,13:36:36,000001
1,众泰汽车,7.170,7.100,7.110,7.200,7.030,7.110,7.120,3809912,27045816.240,132,7.110,327,7.100,236,7.090,528,7.080,131,7.070,485,7.120,2873,7.130,116,7.140,571,7.150,301,7.160,2018-07-16,13:36:36,000980
0,上证指数,2827.0823,2831.1837,2807.6323,2837.5092,2804.4929,0,0,77302496,93698980535,,0,,0,,0,,0,,0,,0,,0,,0,,0,,0,2018-07-16,13:36:36,000001
1,众泰汽车,7.170,7.100,7.110,7.200,7.030,7.110,7.120,3809912,27045816.240,132,7.110,327,7.100,236,7.090,528,7.080,131,7.070,485,7.120,2873,7.130,116,7.140,571,7.150,301,7.160,2018-07-16,13:36:36,000980
0,上证指数,2827.0823,2831.1837,2807.6323,2837.5092,2804.4929,0,0,77302496,93698980535,,0,,0,,0,,0,,0,,0,,0,,0,,0,,0,2018-07-16,13:36:36,000001
1,众泰汽车,7.170,7.100,7.110,7.200,7.030,7.110,7.120,3809912,27045816.240,132,7.110,327,7.100,236,7.090,528,7.080,131,7.070,485,7.120,2873,7.130,116,7.140,571,7.150,301,7.160,2018-07-16,13:36:36,000980
0,上证指数,2827.0823,2831.1837,2807.6323,2837.5092,2804.4929,0,0,77302496,93698980535,,0,,0,,0,,0,,0,,0,,0,,0,,0,,0,2018-07-16,13:36:36,000001
1,众泰汽车,7.170,7.100,7.110,7.200,7.030,7.110,7.120,3809912,27045816.240,162,7.110,388,7.100,236,7.090,528,7.080,131,7.070,485,7.120,2873,7.130,116,7.140,571,7.150,301,7.160,2018-07-16,13:36:42,000980
0,上证指数,2827.0823,2831.1837,2807.6323,2837.5092,2804.4929,0,0,77302496,93698980535,,0,,0,,0,,0,,0,,0,,0,,0,,0,,0,2018-07-16,13:36:36,000001
1,众泰汽车,7.170,7.100,7.110,7.200,7.030,7.110,7.120,3809912,27045816.240,162,7.110,388,7.100,236,7.090,528,7.080,131,7.070,485,7.120,2873,7.130,116,7.140,571,7.150,301,7.160,2018-07-16,13:36:42,000980
0,上证指数,2827.0823,2831.1837,2807.6323,2837.5092,2804.4929,0,0,77302496,93698980535,,0,,0,,0,,0,,0,,0,,0,,0,,0,,0,2018-07-16,13:36:36,000001
1,众泰汽车,7.170,7.100,7.110,7.200,7.030,7.110,7.120,3809912,27045816.240,162,7.110,388,7.100,236,7.090,528,7.080,131,7.070,485,7.120,2873,7.130,116,7.140,571,7.150,301,7.160,2018-07-16,13:36:42,000980
0,上证指数,2827.0823,2831.1837,2808.5038,2837.5092,2804.4929,0,0,77318350,93719195629,,0,,0,,0,,0,,0,,0,,0,,0,,0,,0,2018-07-16,13:36:41,000001
1,众泰汽车,7.170,7.100,7.110,7.200,7.030,7.110,7.120,3809912,27045816.240,162,7.110,388,7.100,236,7.090,528,7.080,131,7.070,485,7.120,2873,7.130,116,7.140,571,7.150,301,7.160,2018-07-16,13:36:42,000980
0,上证指数,2827.0823,2831.1837,2808.5038,2837.5092,2804.4929,0,0,77318350,93719195629,,0,,0,,0,,0,,0,,0,,0,,0,,0,,0,2018-07-16,13:36:41,000001
1,众泰汽车,7.170,7.100,7.110,7.200,7.030,7.110,7.120,3809912,27045816.240,162,7.110,388,7.100,236,7.090,528,7.080,131,7.070,485,7.120,2873,7.130,116,7.140,571,7.150,301,7.160,2018-07-16,13:36:42,000980
0,上证指数,2827.0823,2831.1837,2808.5038,2837.5092,2804.4929,0,0,77318350,93719195629,,0,,0,,0,,0,,0,,0,,0,,0,,0,,0,2018-07-16,13:36:41,000001
1,众泰汽车,7.170,7.100,7.110,7.200,7.030,7.110,7.120,3809912,27045816.240,172,7.110,388,7.100,236,7.090,528,7.080,131,7.070,485,7.120,2873,7.130,116,7.140,571,7.150,301,7.160,2018-07-16,13:36:48,000980
0,上证指数,2827.0823,2831.1837,2808.5038,2837.5092,2804.4929,0,0,77318350,93719195629,,0,,0,,0,,0,,0,,0,,0,,0,,0,,0,2018-07-16,13:36:41,000001
1,众泰汽车,7.170,7.100,7.110,7.200,7.030,7.110,7.120,3809912,27045816.240,172,7.110,388,7.100,236,7.090,528,7.080,131,7.070,485,7.120,2873,7.130,116,7.140,571,7.150,301,7.160,2018-07-16,13:36:48,000980
0,上证指数,2827.0823,2831.1837,2808.2564,2837.5092,2804.4929,0,0,77339050,93742112633,,0,,0,,0,,0,,0,,0,,0,,0,,0,,0,2018-07-16,13:36:46,000001
1,众泰汽车,7.170,7.100,7.110,7.200,7.030,7.110,7.120,3809912,27045816.240,172,7.110,388,7.100,236,7.090,528,7.080,131,7.070,485,7.120,2873,7.130,116,7.140,571,7.150,301,7.160,2018-07-16,13:36:48,000980
0,上证指数,2827.0823,2831.1837,2808.2564,2837.5092,2804.4929,0,0,77339050,93742112633,,0,,0,,0,,0,,0,,0,,0,,0,,0,,0,2018-07-16,13:36:46,000001
1,众泰汽车,7.170,7.100,7.110,7.200,7.030,7.110,7.120,3809912,27045816.240,172,7.110,388,7.100,236,7.090,528,7.080,131,7.070,485,7.120,2873,7.130,116,7.140,571,7.150,301,7.160,2018-07-16,13:36:48,000980
0,上证指数,2827.0823,2831.1837,2808.2564,2837.5092,2804.4929,0,0,77339050,93742112633,,0,,0,,0,,0,,0,,0,,0,,0,,0,,0,2018-07-16,13:36:46,000001
1,众泰汽车,7.170,7.100,7.110,7.200,7.030,7.110,7.120,3809912,27045816.240,172,7.110,388,7.100,236,7.090,528,7.080,131,7.070,485,7.120,2873,7.130,116,7.140,571,7.150,301,7.160,2018-07-16,13:36:48,000980
0,上证指数,2827.0823,2831.1837,2808.3203,2837.5092,2804.4929,0,0,77361284,93767507962,,0,,0,,0,,0,,0,,0,,0,,0,,0,,0,2018-07-16,13:36:51,000001
1,众泰汽车,7.170,7.100,7.110,7.200,7.030,7.110,7.120,3809912,27045816.240,172,7.110,388,7.100,236,7.090,528,7.080,131,7.070,485,7.120,2873,7.130,116,7.140,571,7.150,301,7.160,2018-07-16,13:36:48,000980
0,上证指数,2827.0823,2831.1837,2808.3203,2837.5092,2804.4929,0,0,77361284,93767507962,,0,,0,,0,,0,,0,,0,,0,,0,,0,,0,2018-07-16,13:36:51,000001
1,众泰汽车,7.170,7.100,7.110,7.200,7.030,7.110,7.120,3809912,27045816.240,172,7.110,388,7.100,236,7.090,528,7.080,131,7.070,485,7.120,2873,7.130,116,7.140,571,7.150,301,7.160,2018-07-16,13:36:48,000980
0,上证指数,2827.0823,2831.1837,2808.3203,2837.5092,2804.4929,0,0,77361284,93767507962,,0,,0,,0,,0,,0,,0,,0,,0,,0,,0,2018-07-16,13:36:51,000001
1,众泰汽车,7.170,7.100,7.110,7.200,7.030,7.110,7.120,3809912,27045816.240,172,7.110,388,7.100,236,7.090,528,7.080,131,7.070,485,7.120,2873,7.130,116,7.140,571,7.150,301,7.160,2018-07-16,13:36:48,000980
0,上证指数,2827.0823,2831.1837,2808.3203,2837.5092,2804.4929,0,0,77361284,93767507962,,0,,0,,0,,0,,0,,0,,0,,0,,0,,0,2018-07-16,13:36:51,000001
1,众泰汽车,7.170,7.100,7.110,7.200,7.030,7.110,7.120,3809912,27045816.240,172,7.110,388,7.100,236,7.090,528,7.080,131,7.070,485,7.120,2873,7.130,116,7.140,571,7.150,301,7.160,2018-07-16,13:36:48,000980
0,上证指数,2827.0823,2831.1837,2808.3203,2837.5092,2804.4929,0,0,77361284,93767507962,,0,,0,,0,,0,,0,,0,,0,,0,,0,,0,2018-07-16,13:36:51,000001
1,众泰汽车,7.170,7.100,7.110,7.200,7.030,7.110,7.120,3811812,27059325.240,153,7.110,388,7.100,236,7.090,528,7.080,131,7.070,485,7.120,2873,7.130,116,7.140,571,7.150,301,7.160,2018-07-16,13:36:57,000980
0,上证指数,2827.0823,2831.1837,2808.3203,2837.5092,2804.4929,0,0,77361284,93767507962,,0,,0,,0,,0,,0,,0,,0,,0,,0,,0,2018-07-16,13:36:51,000001
1,众泰汽车,7.170,7.100,7.120,7.200,7.030,7.110,7.120,3812012,27060749.240,151,7.110,388,7.100,236,7.090,528,7.080,131,7.070,483,7.120,2873,7.130,116,7.140,571,7.150,301,7.160,2018-07-16,13:37:00,000980
0,上证指数,2827.0823,2831.1837,2808.0143,2837.5092,2804.4929,0,0,77382035,93792113274,,0,,0,,0,,0,,0,,0,,0,,0,,0,,0,2018-07-16,13:36:56,000001
1,众泰汽车,7.170,7.100,7.120,7.200,7.030,7.110,7.120,3812012,27060749.240,151,7.110,388,7.100,236,7.090,528,7.080,131,7.070,483,7.120,2873,7.130,116,7.140,571,7.150,301,7.160,2018-07-16,13:37:00,000980
0,上证指数,2827.0823,2831.1837,2808.0143,2837.5092,2804.4929,0,0,77382035,93792113274,,0,,0,,0,,0,,0,,0,,0,,0,,0,,0,2018-07-16,13:36:56,000001
1,众泰汽车,7.170,7.100,7.120,7.200,7.030,7.110,7.120,3812012,27060749.240,151,7.110,388,7.100,236,7.090,528,7.080,131,7.070,483,7.120,2873,7.130,116,7.140,571,7.150,301,7.160,2018-07-16,13:37:00,000980
0,上证指数,2827.0823,2831.1837,2808.0143,2837.5092,2804.4929,0,0,77382035,93792113274,,0,,0,,0,,0,,0,,0,,0,,0,,0,,0,2018-07-16,13:36:56,000001
1,众泰汽车,7.170,7.100,7.120,7.200,7.030,7.110,7.120,3812012,27060749.240,151,7.110,388,7.100,236,7.090,528,7.080,131,7.070,483,7.120,2873,7.130,116,7.140,571,7.150,301,7.160,2018-07-16,13:37:00,000980
0,上证指数,2827.0823,2831.1837,2808.0143,2837.5092,2804.4929,0,0,77382035,93792113274,,0,,0,,0,,0,,0,,0,,0,,0,,0,,0,2018-07-16,13:36:56,000001
1,众泰汽车,7.170,7.100,7.120,7.200,7.030,7.110,7.120,3812012,27060749.240,151,7.110,388,7.100,236,7.090,528,7.080,131,7.070,483,7.120,2873,7.130,116,7.140,571,7.150,301,7.160,2018-07-16,13:37:00,000980
0,上证指数,2827.0823,2831.1837,2808.0310,2837.5092,2804.4929,0,0,77404095,93816450758,,0,,0,,0,,0,,0,,0,,0,,0,,0,,0,2018-07-16,13:37:01,000001
1,众泰汽车,7.170,7.100,7.120,7.200,7.030,7.110,7.120,3812012,27060749.240,151,7.110,388,7.100,236,7.090,528,7.080,131,7.070,483,7.120,2873,7.130,116,7.140,571,7.150,301,7.160,2018-07-16,13:37:00,000980
0,上证指数,2827.0823,2831.1837,2808.0310,2837.5092,2804.4929,0,0,77404095,93816450758,,0,,0,,0,,0,,0,,0,,0,,0,,0,,0,2018-07-16,13:37:01,000001
1,众泰汽车,7.170,7.100,7.120,7.200,7.030,7.110,7.120,3812012,27060749.240,151,7.110,388,7.100,236,7.090,528,7.080,131,7.070,483,7.120,2873,7.130,116,7.140,571,7.150,301,7.160,2018-07-16,13:37:00,000980
0,上证指数,2827.0823,2831.1837,2808.0310,2837.5092,2804.4929,0,0,77404095,93816450758,,0,,0,,0,,0,,0,,0,,0,,0,,0,,0,2018-07-16,13:37:01,000001
1,众泰汽车,7.170,7.100,7.120,7.200,7.030,7.110,7.120,3812012,27060749.240,151,7.110,388,7.100,236,7.090,528,7.080,131,7.070,483,7.120,2873,7.130,116,7.140,571,7.150,301,7.160,2018-07-16,13:37:00,000980
0,上证指数,2827.0823,2831.1837,2807.8098,2837.5092,2804.4929,0,0,77423052,93842233141,,0,,0,,0,,0,,0,,0,,0,,0,,0,,0,2018-07-16,13:37:06,000001
1,众泰汽车,7.170,7.100,7.110,7.200,7.030,7.110,7.120,3817012,27096299.240,101,7.110,388,7.100,236,7.090,528,7.080,131,7.070,483,7.120,2873,7.130,116,7.140,571,7.150,301,7.160,2018-07-16,13:37:09,000980
0,上证指数,2827.0823,2831.1837,2807.8098,2837.5092,2804.4929,0,0,77423052,93842233141,,0,,0,,0,,0,,0,,0,,0,,0,,0,,0,2018-07-16,13:37:06,000001
1,众泰汽车,7.170,7.100,7.110,7.200,7.030,7.110,7.120,3817012,27096299.240,101,7.110,388,7.100,236,7.090,528,7.080,131,7.070,483,7.120,2873,7.130,116,7.140,571,7.150,301,7.160,2018-07-16,13:37:09,000980
0,上证指数,2827.0823,2831.1837,2807.8098,2837.5092,2804.4929,0,0,77423052,93842233141,,0,,0,,0,,0,,0,,0,,0,,0,,0,,0,2018-07-16,13:37:06,000001
1,众泰汽车,7.170,7.100,7.110,7.200,7.030,7.110,7.120,3817012,27096299.240,101,7.110,388,7.100,236,7.090,528,7.080,131,7.070,483,7.120,2873,7.130,116,7.140,571,7.150,301,7.160,2018-07-16,13:37:09,000980
0,上证指数,2827.0823,2831.1837,2807.8098,2837.5092,2804.4929,0,0,77423052,93842233141,,0,,0,,0,,0,,0,,0,,0,,0,,0,,0,2018-07-16,13:37:06,000001
1,众泰汽车,7.170,7.100,7.120,7.200,7.030,7.110,7.120,3817312,27098435.240,101,7.110,388,7.100,236,7.090,528,7.080,131,7.070,480,7.120,2873,7.130,116,7.140,571,7.150,301,7.160,2018-07-16,13:37:12,000980
0,上证指数,2827.0823,2831.1837,2807.8098,2837.5092,2804.4929,0,0,77423052,93842233141,,0,,0,,0,,0,,0,,0,,0,,0,,0,,0,2018-07-16,13:37:06,000001
1,众泰汽车,7.170,7.100,7.120,7.200,7.030,7.110,7.120,3817312,27098435.240,101,7.110,388,7.100,236,7.090,528,7.080,131,7.070,480,7.120,2873,7.130,116,7.140,571,7.150,301,7.160,2018-07-16,13:37:12,000980
0,上证指数,2827.0823,2831.1837,2807.8641,2837.5092,2804.4929,0,0,77444856,93868670437,,0,,0,,0,,0,,0,,0,,0,,0,,0,,0,2018-07-16,13:37:11,000001
1,众泰汽车,7.170,7.100,7.120,7.200,7.030,7.110,7.120,3817312,27098435.240,101,7.110,388,7.100,236,7.090,528,7.080,131,7.070,420,7.120,2873,7.130,116,7.140,571,7.150,301,7.160,2018-07-16,13:37:15,000980
0,上证指数,2827.0823,2831.1837,2807.8641,2837.5092,2804.4929,0,0,77444856,93868670437,,0,,0,,0,,0,,0,,0,,0,,0,,0,,0,2018-07-16,13:37:11,000001
1,众泰汽车,7.170,7.100,7.120,7.200,7.030,7.110,7.120,3817312,27098435.240,101,7.110,388,7.100,236,7.090,528,7.080,131,7.070,420,7.120,2873,7.130,116,7.140,571,7.150,301,7.160,2018-07-16,13:37:15,000980
0,上证指数,2827.0823,2831.1837,2807.8641,2837.5092,2804.4929,0,0,77444856,93868670437,,0,,0,,0,,0,,0,,0,,0,,0,,0,,0,2018-07-16,13:37:11,000001
1,众泰汽车,7.170,7.100,7.120,7.200,7.030,7.110,7.120,3817312,27098435.240,101,7.110,388,7.100,236,7.090,528,7.080,131,7.070,420,7.120,2873,7.130,116,7.140,571,7.150,301,7.160,2018-07-16,13:37:15,000980
0,上证指数,2827.0823,2831.1837,2807.8641,2837.5092,2804.4929,0,0,77444856,93868670437,,0,,0,,0,,0,,0,,0,,0,,0,,0,,0,2018-07-16,13:37:11,000001
1,众泰汽车,7.170,7.100,7.120,7.200,7.030,7.110,7.120,3817312,27098435.240,101,7.110,388,7.100,236,7.090,528,7.080,131,7.070,430,7.120,2873,7.130,116,7.140,571,7.150,301,7.160,2018-07-16,13:37:18,000980
0,上证指数,2827.0823,2831.1837,2807.8641,2837.5092,2804.4929,0,0,77444856,93868670437,,0,,0,,0,,0,,0,,0,,0,,0,,0,,0,2018-07-16,13:37:11,000001
1,众泰汽车,7.170,7.100,7.120,7.200,7.030,7.110,7.120,3817312,27098435.240,101,7.110,388,7.100,236,7.090,528,7.080,131,7.070,430,7.120,2873,7.130,116,7.140,571,7.150,301,7.160,2018-07-16,13:37:18,000980
0,上证指数,2827.0823,2831.1837,2807.7824,2837.5092,2804.4929,0,0,77467880,93900228773,,0,,0,,0,,0,,0,,0,,0,,0,,0,,0,2018-07-16,13:37:16,000001
1,众泰汽车,7.170,7.100,7.120,7.200,7.030,7.110,7.120,3817312,27098435.240,101,7.110,393,7.100,236,7.090,528,7.080,131,7.070,430,7.120,2873,7.130,116,7.140,571,7.150,301,7.160,2018-07-16,13:37:21,000980
0,上证指数,2827.0823,2831.1837,2807.7824,2837.5092,2804.4929,0,0,77467880,93900228773,,0,,0,,0,,0,,0,,0,,0,,0,,0,,0,2018-07-16,13:37:16,000001
1,众泰汽车,7.170,7.100,7.120,7.200,7.030,7.110,7.120,3817312,27098435.240,101,7.110,393,7.100,236,7.090,528,7.080,131,7.070,430,7.120,2873,7.130,116,7.140,571,7.150,301,7.160,2018-07-16,13:37:21,000980
0,上证指数,2827.0823,2831.1837,2807.8348,2837.5092,2804.4929,0,0,77492618,93926830276,,0,,0,,0,,0,,0,,0,,0,,0,,0,,0,2018-07-16,13:37:21,000001
1,众泰汽车,7.170,7.100,7.120,7.200,7.030,7.110,7.120,3817312,27098435.240,101,7.110,393,7.100,236,7.090,528,7.080,131,7.070,430,7.120,2873,7.130,116,7.140,571,7.150,301,7.160,2018-07-16,13:37:21,000980
0,上证指数,2827.0823,2831.1837,2807.8348,2837.5092,2804.4929,0,0,77492618,93926830276,,0,,0,,0,,0,,0,,0,,0,,0,,0,,0,2018-07-16,13:37:21,000001
1,众泰汽车,7.170,7.100,7.120,7.200,7.030,7.110,7.120,3817312,27098435.240,101,7.110,393,7.100,236,7.090,528,7.080,131,7.070,430,7.120,2873,7.130,116,7.140,571,7.150,301,7.160,2018-07-16,13:37:21,000980
0,上证指数,2827.0823,2831.1837,2807.8348,2837.5092,2804.4929,0,0,77492618,93926830276,,0,,0,,0,,0,,0,,0,,0,,0,,0,,0,2018-07-16,13:37:21,000001
1,众泰汽车,7.170,7.100,7.120,7.200,7.030,7.110,7.120,3817312,27098435.240,101,7.110,393,7.100,236,7.090,528,7.080,131,7.070,430,7.120,2873,7.130,116,7.140,571,7.150,301,7.160,2018-07-16,13:37:21,000980
0,上证指数,2827.0823,2831.1837,2807.8348,2837.5092,2804.4929,0,0,77492618,93926830276,,0,,0,,0,,0,,0,,0,,0,,0,,0,,0,2018-07-16,13:37:21,000001
1,众泰汽车,7.170,7.100,7.120,7.200,7.030,7.110,7.120,3817312,27098435.240,101,7.110,393,7.100,236,7.090,528,7.080,131,7.070,430,7.120,2873,7.130,116,7.140,571,7.150,301,7.160,2018-07-16,13:37:21,000980
0,上证指数,2827.0823,2831.1837,2807.8348,2837.5092,2804.4929,0,0,77492618,93926830276,,0,,0,,0,,0,,0,,0,,0,,0,,0,,0,2018-07-16,13:37:21,000001
1,众泰汽车,7.170,7.100,7.120,7.200,7.030,7.110,7.120,3817312,27098435.240,101,7.110,393,7.100,236,7.090,528,7.080,131,7.070,430,7.120,2873,7.130,116,7.140,571,7.150,301,7.160,2018-07-16,13:37:21,000980
0,上证指数,2827.0823,2831.1837,2807.8348,2837.5092,2804.4929,0,0,77492618,93926830276,,0,,0,,0,,0,,0,,0,,0,,0,,0,,0,2018-07-16,13:37:21,000001
1,众泰汽车,7.170,7.100,7.120,7.200,7.030,7.110,7.120,3817312,27098435.240,101,7.110,393,7.100,236,7.090,528,7.080,131,7.070,430,7.120,2873,7.130,116,7.140,571,7.150,301,7.160,2018-07-16,13:37:21,000980
0,上证指数,2827.0823,2831.1837,2808.3020,2837.5092,2804.4929,0,0,77514802,93950276965,,0,,0,,0,,0,,0,,0,,0,,0,,0,,0,2018-07-16,13:37:26,000001
1,众泰汽车,7.170,7.100,7.120,7.200,7.030,7.110,7.120,3817312,27098435.240,101,7.110,393,7.100,236,7.090,528,7.080,131,7.070,430,7.120,2873,7.130,116,7.140,571,7.150,301,7.160,2018-07-16,13:37:21,000980
0,上证指数,2827.0823,2831.1837,2808.3020,2837.5092,2804.4929,0,0,77514802,93950276965,,0,,0,,0,,0,,0,,0,,0,,0,,0,,0,2018-07-16,13:37:26,000001
1,众泰汽车,7.170,7.100,7.120,7.200,7.030,7.110,7.120,3817312,27098435.240,101,7.110,393,7.100,236,7.090,528,7.080,131,7.070,430,7.120,2873,7.130,116,7.140,571,7.150,301,7.160,2018-07-16,13:37:21,000980
0,上证指数,2827.0823,2831.1837,2808.3020,2837.5092,2804.4929,0,0,77514802,93950276965,,0,,0,,0,,0,,0,,0,,0,,0,,0,,0,2018-07-16,13:37:26,000001
1,众泰汽车,7.170,7.100,7.120,7.200,7.030,7.110,7.120,3817312,27098435.240,101,7.110,393,7.100,236,7.090,528,7.080,131,7.070,430,7.120,2873,7.130,116,7.140,571,7.150,301,7.160,2018-07-16,13:37:21,000980
0,上证指数,2827.0823,2831.1837,2808.3020,2837.5092,2804.4929,0,0,77514802,93950276965,,0,,0,,0,,0,,0,,0,,0,,0,,0,,0,2018-07-16,13:37:26,000001
1,众泰汽车,7.170,7.100,7.120,7.200,7.030,7.110,7.120,3817312,27098435.240,101,7.110,393,7.100,236,7.090,528,7.080,131,7.070,430,7.120,2873,7.130,116,7.140,571,7.150,301,7.160,2018-07-16,13:37:21,000980
0,上证指数,2827.0823,2831.1837,2808.3020,2837.5092,2804.4929,0,0,77514802,93950276965,,0,,0,,0,,0,,0,,0,,0,,0,,0,,0,2018-07-16,13:37:26,000001
1,众泰汽车,7.170,7.100,7.120,7.200,7.030,7.110,7.120,3817312,27098435.240,101,7.110,393,7.100,236,7.090,528,7.080,131,7.070,430,7.120,2873,7.130,116,7.140,571,7.150,301,7.160,2018-07-16,13:37:21,000980
0,上证指数,2827.0823,2831.1837,2808.3020,2837.5092,2804.4929,0,0,77514802,93950276965,,0,,0,,0,,0,,0,,0,,0,,0,,0,,0,2018-07-16,13:37:26,000001
1,众泰汽车,7.170,7.100,7.120,7.200,7.030,7.110,7.120,3817312,27098435.240,101,7.110,393,7.100,236,7.090,528,7.080,131,7.070,430,7.120,2873,7.130,116,7.140,571,7.150,301,7.160,2018-07-16,13:37:21,000980
0,上证指数,2827.0823,2831.1837,2808.5198,2837.5092,2804.4929,0,0,77538161,93975755189,,0,,0,,0,,0,,0,,0,,0,,0,,0,,0,2018-07-16,13:37:31,000001
1,众泰汽车,7.170,7.100,7.120,7.200,7.030,7.110,7.120,3817312,27098435.240,101,7.110,393,7.100,236,7.090,528,7.080,131,7.070,430,7.120,2873,7.130,116,7.140,571,7.150,301,7.160,2018-07-16,13:37:21,000980
0,上证指数,2827.0823,2831.1837,2807.7081,2837.5092,2804.4929,0,0,77563146,94001874581,,0,,0,,0,,0,,0,,0,,0,,0,,0,,0,2018-07-16,13:37:36,000001
1,众泰汽车,7.170,7.100,7.120,7.200,7.030,7.110,7.120,3817312,27098435.240,101,7.110,393,7.100,236,7.090,528,7.080,131,7.070,430,7.120,2873,7.130,116,7.140,571,7.150,301,7.160,2018-07-16,13:37:21,000980
0,上证指数,2827.0823,2831.1837,2807.7081,2837.5092,2804.4929,0,0,77563146,94001874581,,0,,0,,0,,0,,0,,0,,0,,0,,0,,0,2018-07-16,13:37:36,000001
1,众泰汽车,7.170,7.100,7.120,7.200,7.030,7.110,7.120,3817312,27098435.240,101,7.110,393,7.100,236,7.090,523,7.080,131,7.070,430,7.120,2873,7.130,116,7.140,571,7.150,301,7.160,2018-07-16,13:37:39,000980
0,上证指数,2827.0823,2831.1837,2807.7081,2837.5092,2804.4929,0,0,77563146,94001874581,,0,,0,,0,,0,,0,,0,,0,,0,,0,,0,2018-07-16,13:37:36,000001
1,众泰汽车,7.170,7.100,7.120,7.200,7.030,7.110,7.120,3817312,27098435.240,101,7.110,393,7.100,236,7.090,523,7.080,131,7.070,430,7.120,2873,7.130,116,7.140,571,7.150,301,7.160,2018-07-16,13:37:39,000980
0,上证指数,2827.0823,2831.1837,2807.7081,2837.5092,2804.4929,0,0,77563146,94001874581,,0,,0,,0,,0,,0,,0,,0,,0,,0,,0,2018-07-16,13:37:36,000001
1,众泰汽车,7.170,7.100,7.110,7.200,7.030,7.110,7.120,3822312,27133985.240,51,7.110,393,7.100,236,7.090,523,7.080,131,7.070,430,7.120,2873,7.130,116,7.140,571,7.150,301,7.160,2018-07-16,13:37:42,000980
0,上证指数,2827.0823,2831.1837,2807.7081,2837.5092,2804.4929,0,0,77563146,94001874581,,0,,0,,0,,0,,0,,0,,0,,0,,0,,0,2018-07-16,13:37:36,000001
1,众泰汽车,7.170,7.100,7.110,7.200,7.030,7.110,7.120,3822312,27133985.240,51,7.110,393,7.100,236,7.090,523,7.080,131,7.070,430,7.120,2873,7.130,116,7.140,571,7.150,301,7.160,2018-07-16,13:37:42,000980
0,上证指数,2827.0823,2831.1837,2808.2147,2837.5092,2804.4929,0,0,77589168,94028774689,,0,,0,,0,,0,,0,,0,,0,,0,,0,,0,2018-07-16,13:37:41,000001
1,众泰汽车,7.170,7.100,7.110,7.200,7.030,7.110,7.120,3822312,27133985.240,51,7.110,393,7.100,236,7.090,523,7.080,131,7.070,430,7.120,2873,7.130,116,7.140,571,7.150,301,7.160,2018-07-16,13:37:42,000980
0,上证指数,2827.0823,2831.1837,2808.2147,2837.5092,2804.4929,0,0,77589168,94028774689,,0,,0,,0,,0,,0,,0,,0,,0,,0,,0,2018-07-16,13:37:41,000001
1,众泰汽车,7.170,7.100,7.110,7.200,7.030,7.110,7.120,3822312,27133985.240,51,7.110,393,7.100,236,7.090,523,7.080,131,7.070,430,7.120,2873,7.130,116,7.140,571,7.150,301,7.160,2018-07-16,13:37:42,000980
0,上证指数,2827.0823,2831.1837,2808.2147,2837.5092,2804.4929,0,0,77589168,94028774689,,0,,0,,0,,0,,0,,0,,0,,0,,0,,0,2018-07-16,13:37:41,000001
1,众泰汽车,7.170,7.100,7.110,7.200,7.030,7.110,7.120,3822312,27133985.240,51,7.110,393,7.100,236,7.090,523,7.080,131,7.070,430,7.120,2873,7.130,116,7.140,571,7.150,301,7.160,2018-07-16,13:37:42,000980
0,上证指数,2827.0823,2831.1837,2808.2147,2837.5092,2804.4929,0,0,77589168,94028774689,,0,,0,,0,,0,,0,,0,,0,,0,,0,,0,2018-07-16,13:37:41,000001
1,众泰汽车,7.170,7.100,7.110,7.200,7.030,7.110,7.120,3822312,27133985.240,51,7.110,393,7.100,236,7.090,523,7.080,131,7.070,430,7.120,2873,7.130,116,7.140,571,7.150,301,7.160,2018-07-16,13:37:42,000980
0,上证指数,2827.0823,2831.1837,2808.2147,2837.5092,2804.4929,0,0,77589168,94028774689,,0,,0,,0,,0,,0,,0,,0,,0,,0,,0,2018-07-16,13:37:41,000001
1,众泰汽车,7.170,7.100,7.110,7.200,7.030,7.110,7.120,3822312,27133985.240,51,7.110,393,7.100,236,7.090,523,7.080,131,7.070,430,7.120,2873,7.130,116,7.140,571,7.150,301,7.160,2018-07-16,13:37:42,000980
0,上证指数,2827.0823,2831.1837,2808.0877,2837.5092,2804.4929,0,0,77611128,94056109783,,0,,0,,0,,0,,0,,0,,0,,0,,0,,0,2018-07-16,13:37:46,000001
1,众泰汽车,7.170,7.100,7.110,7.200,7.030,7.110,7.120,3822312,27133985.240,51,7.110,393,7.100,236,7.090,523,7.080,131,7.070,430,7.120,2873,7.130,116,7.140,571,7.150,301,7.160,2018-07-16,13:37:42,000980
0,上证指数,2827.0823,2831.1837,2808.0877,2837.5092,2804.4929,0,0,77611128,94056109783,,0,,0,,0,,0,,0,,0,,0,,0,,0,,0,2018-07-16,13:37:46,000001
1,众泰汽车,7.170,7.100,7.110,7.200,7.030,7.110,7.120,3822312,27133985.240,51,7.110,393,7.100,236,7.090,523,7.080,131,7.070,430,7.120,2873,7.130,116,7.140,571,7.150,301,7.160,2018-07-16,13:37:42,000980
0,上证指数,2827.0823,2831.1837,2808.0877,2837.5092,2804.4929,0,0,77611128,94056109783,,0,,0,,0,,0,,0,,0,,0,,0,,0,,0,2018-07-16,13:37:46,000001
1,众泰汽车,7.170,7.100,7.110,7.200,7.030,7.110,7.120,3822312,27133985.240,51,7.110,393,7.100,236,7.090,523,7.080,131,7.070,430,7.120,2873,7.130,116,7.140,571,7.150,301,7.160,2018-07-16,13:37:42,000980
0,上证指数,2827.0823,2831.1837,2807.8787,2837.5092,2804.4929,0,0,77628211,94074966809,,0,,0,,0,,0,,0,,0,,0,,0,,0,,0,2018-07-16,13:37:51,000001
1,众泰汽车,7.170,7.100,7.110,7.200,7.030,7.110,7.120,3822312,27133985.240,51,7.110,393,7.100,236,7.090,523,7.080,131,7.070,430,7.120,2873,7.130,116,7.140,571,7.150,301,7.160,2018-07-16,13:37:42,000980
0,上证指数,2827.0823,2831.1837,2807.8787,2837.5092,2804.4929,0,0,77628211,94074966809,,0,,0,,0,,0,,0,,0,,0,,0,,0,,0,2018-07-16,13:37:51,000001
1,众泰汽车,7.170,7.100,7.110,7.200,7.030,7.110,7.120,3822312,27133985.240,51,7.110,410,7.100,236,7.090,523,7.080,131,7.070,430,7.120,2873,7.130,116,7.140,571,7.150,301,7.160,2018-07-16,13:37:54,000980
0,上证指数,2827.0823,2831.1837,2807.8787,2837.5092,2804.4929,0,0,77628211,94074966809,,0,,0,,0,,0,,0,,0,,0,,0,,0,,0,2018-07-16,13:37:51,000001
1,众泰汽车,7.170,7.100,7.110,7.200,7.030,7.110,7.120,3822312,27133985.240,51,7.110,410,7.100,236,7.090,523,7.080,131,7.070,430,7.120,2873,7.130,116,7.140,571,7.150,301,7.160,2018-07-16,13:37:54,000980
0,上证指数,2827.0823,2831.1837,2807.8787,2837.5092,2804.4929,0,0,77628211,94074966809,,0,,0,,0,,0,,0,,0,,0,,0,,0,,0,2018-07-16,13:37:51,000001
1,众泰汽车,7.170,7.100,7.110,7.200,7.030,7.110,7.120,3822312,27133985.240,61,7.110,410,7.100,236,7.090,523,7.080,131,7.070,430,7.120,2873,7.130,116,7.140,571,7.150,301,7.160,2018-07-16,13:37:57,000980
0,上证指数,2827.0823,2831.1837,2807.8787,2837.5092,2804.4929,0,0,77628211,94074966809,,0,,0,,0,,0,,0,,0,,0,,0,,0,,0,2018-07-16,13:37:51,000001
1,众泰汽车,7.170,7.100,7.110,7.200,7.030,7.110,7.120,3822312,27133985.240,61,7.110,410,7.100,236,7.090,523,7.080,131,7.070,430,7.120,2873,7.130,116,7.140,571,7.150,301,7.160,2018-07-16,13:37:57,000980
0,上证指数,2827.0823,2831.1837,2808.3382,2837.5092,2804.4929,0,0,77648456,94095753048,,0,,0,,0,,0,,0,,0,,0,,0,,0,,0,2018-07-16,13:37:56,000001
1,众泰汽车,7.170,7.100,7.110,7.200,7.030,7.110,7.120,3822312,27133985.240,61,7.110,410,7.100,236,7.090,523,7.080,131,7.070,430,7.120,2873,7.130,116,7.140,571,7.150,301,7.160,2018-07-16,13:37:57,000980
0,上证指数,2827.0823,2831.1837,2808.3382,2837.5092,2804.4929,0,0,77648456,94095753048,,0,,0,,0,,0,,0,,0,,0,,0,,0,,0,2018-07-16,13:37:56,000001
1,众泰汽车,7.170,7.100,7.110,7.200,7.030,7.110,7.120,3822312,27133985.240,61,7.110,410,7.100,236,7.090,523,7.080,131,7.070,430,7.120,2873,7.130,116,7.140,571,7.150,301,7.160,2018-07-16,13:37:57,000980
0,上证指数,2827.0823,2831.1837,2808.3382,2837.5092,2804.4929,0,0,77648456,94095753048,,0,,0,,0,,0,,0,,0,,0,,0,,0,,0,2018-07-16,13:37:56,000001
1,众泰汽车,7.170,7.100,7.110,7.200,7.030,7.110,7.120,3822312,27133985.240,61,7.110,410,7.100,236,7.090,523,7.080,131,7.070,430,7.120,2873,7.130,116,7.140,571,7.150,301,7.160,2018-07-16,13:37:57,000980
0,上证指数,2827.0823,2831.1837,2808.3382,2837.5092,2804.4929,0,0,77648456,94095753048,,0,,0,,0,,0,,0,,0,,0,,0,,0,,0,2018-07-16,13:37:56,000001
1,众泰汽车,7.170,7.100,7.110,7.200,7.030,7.110,7.120,3822312,27133985.240,61,7.110,410,7.100,236,7.090,523,7.080,131,7.070,432,7.120,2873,7.130,116,7.140,571,7.150,301,7.160,2018-07-16,13:38:03,000980
0,上证指数,2827.0823,2831.1837,2808.3382,2837.5092,2804.4929,0,0,77648456,94095753048,,0,,0,,0,,0,,0,,0,,0,,0,,0,,0,2018-07-16,13:37:56,000001
1,众泰汽车,7.170,7.100,7.110,7.200,7.030,7.110,7.120,3822312,27133985.240,61,7.110,410,7.100,236,7.090,523,7.080,131,7.070,432,7.120,2873,7.130,116,7.140,571,7.150,301,7.160,2018-07-16,13:38:03,000980
0,上证指数,2827.0823,2831.1837,2808.2081,2837.5092,2804.4929,0,0,77674011,94127409833,,0,,0,,0,,0,,0,,0,,0,,0,,0,,0,2018-07-16,13:38:01,000001
1,众泰汽车,7.170,7.100,7.110,7.200,7.030,7.110,7.120,3822312,27133985.240,61,7.110,410,7.100,236,7.090,523,7.080,131,7.070,432,7.120,2873,7.130,116,7.140,571,7.150,301,7.160,2018-07-16,13:38:03,000980
0,上证指数,2827.0823,2831.1837,2808.2081,2837.5092,2804.4929,0,0,77674011,94127409833,,0,,0,,0,,0,,0,,0,,0,,0,,0,,0,2018-07-16,13:38:01,000001
1,众泰汽车,7.170,7.100,7.110,7.200,7.030,7.110,7.120,3822312,27133985.240,61,7.110,410,7.100,236,7.090,523,7.080,131,7.070,432,7.120,2873,7.130,116,7.140,571,7.150,301,7.160,2018-07-16,13:38:03,000980
0,上证指数,2827.0823,2831.1837,2808.2081,2837.5092,2804.4929,0,0,77674011,94127409833,,0,,0,,0,,0,,0,,0,,0,,0,,0,,0,2018-07-16,13:38:01,000001
1,众泰汽车,7.170,7.100,7.110,7.200,7.030,7.110,7.120,3822312,27133985.240,61,7.110,410,7.100,236,7.090,523,7.080,131,7.070,432,7.120,2873,7.130,116,7.140,571,7.150,301,7.160,2018-07-16,13:38:03,000980
0,上证指数,2827.0823,2831.1837,2808.0499,2837.5092,2804.4929,0,0,77694426,94152041220,,0,,0,,0,,0,,0,,0,,0,,0,,0,,0,2018-07-16,13:38:06,000001
1,众泰汽车,7.170,7.100,7.110,7.200,7.030,7.110,7.120,3822312,27133985.240,61,7.110,410,7.100,236,7.090,523,7.080,131,7.070,432,7.120,2873,7.130,116,7.140,571,7.150,301,7.160,2018-07-16,13:38:03,000980
0,上证指数,2827.0823,2831.1837,2808.0499,2837.5092,2804.4929,0,0,77694426,94152041220,,0,,0,,0,,0,,0,,0,,0,,0,,0,,0,2018-07-16,13:38:06,000001
1,众泰汽车,7.170,7.100,7.110,7.200,7.030,7.110,7.120,3822312,27133985.240,61,7.110,410,7.100,236,7.090,523,7.080,131,7.070,432,7.120,2873,7.130,116,7.140,571,7.150,301,7.160,2018-07-16,13:38:03,000980
0,上证指数,2827.0823,2831.1837,2808.0499,2837.5092,2804.4929,0,0,77694426,94152041220,,0,,0,,0,,0,,0,,0,,0,,0,,0,,0,2018-07-16,13:38:06,000001
1,众泰汽车,7.170,7.100,7.110,7.200,7.030,7.110,7.120,3822312,27133985.240,61,7.110,410,7.100,236,7.090,523,7.080,131,7.070,432,7.120,2873,7.130,116,7.140,571,7.150,301,7.160,2018-07-16,13:38:03,000980
0,上证指数,2827.0823,2831.1837,2808.0499,2837.5092,2804.4929,0,0,77694426,94152041220,,0,,0,,0,,0,,0,,0,,0,,0,,0,,0,2018-07-16,13:38:06,000001
1,众泰汽车,7.170,7.100,7.110,7.200,7.030,7.110,7.120,3822312,27133985.240,61,7.110,410,7.100,236,7.090,523,7.080,131,7.070,432,7.120,2873,7.130,116,7.140,571,7.150,301,7.160,2018-07-16,13:38:03,000980
0,上证指数,2827.0823,2831.1837,2808.0499,2837.5092,2804.4929,0,0,77694426,94152041220,,0,,0,,0,,0,,0,,0,,0,,0,,0,,0,2018-07-16,13:38:06,000001
1,众泰汽车,7.170,7.100,7.110,7.200,7.030,7.110,7.120,3822312,27133985.240,61,7.110,410,7.100,236,7.090,523,7.080,131,7.070,432,7.120,2873,7.130,116,7.140,571,7.150,301,7.160,2018-07-16,13:38:03,000980
0,上证指数,2827.0823,2831.1837,2808.5071,2837.5092,2804.4929,0,0,77714298,94173506892,,0,,0,,0,,0,,0,,0,,0,,0,,0,,0,2018-07-16,13:38:11,000001
1,众泰汽车,7.170,7.100,7.110,7.200,7.030,7.110,7.120,3822312,27133985.240,61,7.110,410,7.100,236,7.090,523,7.080,131,7.070,432,7.120,2873,7.130,116,7.140,571,7.150,301,7.160,2018-07-16,13:38:03,000980
0,上证指数,2827.0823,2831.1837,2808.5071,2837.5092,2804.4929,0,0,77714298,94173506892,,0,,0,,0,,0,,0,,0,,0,,0,,0,,0,2018-07-16,13:38:11,000001
1,众泰汽车,7.170,7.100,7.110,7.200,7.030,7.110,7.120,3822312,27133985.240,61,7.110,410,7.100,236,7.090,523,7.080,131,7.070,432,7.120,2873,7.130,116,7.140,571,7.150,301,7.160,2018-07-16,13:38:03,000980
0,上证指数,2827.0823,2831.1837,2808.5071,2837.5092,2804.4929,0,0,77714298,94173506892,,0,,0,,0,,0,,0,,0,,0,,0,,0,,0,2018-07-16,13:38:11,000001
1,众泰汽车,7.170,7.100,7.110,7.200,7.030,7.110,7.120,3822312,27133985.240,61,7.110,410,7.100,236,7.090,523,7.080,131,7.070,432,7.120,2873,7.130,116,7.140,571,7.150,301,7.160,2018-07-16,13:38:03,000980
0,上证指数,2827.0823,2831.1837,2808.5071,2837.5092,2804.4929,0,0,77714298,94173506892,,0,,0,,0,,0,,0,,0,,0,,0,,0,,0,2018-07-16,13:38:11,000001
1,众泰汽车,7.170,7.100,7.120,7.200,7.030,7.110,7.120,3822612,27136121.240,61,7.110,410,7.100,236,7.090,523,7.080,131,7.070,429,7.120,2873,7.130,116,7.140,571,7.150,301,7.160,2018-07-16,13:38:18,000980
0,上证指数,2827.0823,2831.1837,2808.5071,2837.5092,2804.4929,0,0,77714298,94173506892,,0,,0,,0,,0,,0,,0,,0,,0,,0,,0,2018-07-16,13:38:11,000001
1,众泰汽车,7.170,7.100,7.120,7.200,7.030,7.110,7.120,3822612,27136121.240,61,7.110,410,7.100,236,7.090,523,7.080,131,7.070,429,7.120,2873,7.130,116,7.140,571,7.150,301,7.160,2018-07-16,13:38:18,000980
0,上证指数,2827.0823,2831.1837,2808.2017,2837.5092,2804.4929,0,0,77733551,94198308341,,0,,0,,0,,0,,0,,0,,0,,0,,0,,0,2018-07-16,13:38:16,000001
1,众泰汽车,7.170,7.100,7.120,7.200,7.030,7.110,7.120,3822612,27136121.240,61,7.110,410,7.100,236,7.090,523,7.080,131,7.070,459,7.120,2873,7.130,116,7.140,571,7.150,301,7.160,2018-07-16,13:38:21,000980
0,上证指数,2827.0823,2831.1837,2808.2017,2837.5092,2804.4929,0,0,77733551,94198308341,,0,,0,,0,,0,,0,,0,,0,,0,,0,,0,2018-07-16,13:38:16,000001
1,众泰汽车,7.170,7.100,7.120,7.200,7.030,7.110,7.120,3822612,27136121.240,61,7.110,410,7.100,236,7.090,523,7.080,131,7.070,459,7.120,2873,7.130,116,7.140,571,7.150,301,7.160,2018-07-16,13:38:21,000980
0,上证指数,2827.0823,2831.1837,2808.2017,2837.5092,2804.4929,0,0,77733551,94198308341,,0,,0,,0,,0,,0,,0,,0,,0,,0,,0,2018-07-16,13:38:16,000001
1,众泰汽车,7.170,7.100,7.120,7.200,7.030,7.110,7.120,3822612,27136121.240,61,7.110,410,7.100,236,7.090,523,7.080,131,7.070,459,7.120,2873,7.130,116,7.140,571,7.150,301,7.160,2018-07-16,13:38:21,000980
0,上证指数,2827.0823,2831.1837,2808.2698,2837.5092,2804.4929,0,0,77760140,94225210063,,0,,0,,0,,0,,0,,0,,0,,0,,0,,0,2018-07-16,13:38:21,000001
1,众泰汽车,7.170,7.100,7.120,7.200,7.030,7.110,7.120,3822712,27136833.240,62,7.110,410,7.100,236,7.090,523,7.080,131,7.070,458,7.120,2873,7.130,116,7.140,571,7.150,301,7.160,2018-07-16,13:38:24,000980
0,上证指数,2827.0823,2831.1837,2808.2698,2837.5092,2804.4929,0,0,77760140,94225210063,,0,,0,,0,,0,,0,,0,,0,,0,,0,,0,2018-07-16,13:38:21,000001
1,众泰汽车,7.170,7.100,7.120,7.200,7.030,7.110,7.120,3822712,27136833.240,62,7.110,410,7.100,236,7.090,523,7.080,131,7.070,458,7.120,2873,7.130,116,7.140,571,7.150,301,7.160,2018-07-16,13:38:24,000980
0,上证指数,2827.0823,2831.1837,2808.2698,2837.5092,2804.4929,0,0,77760140,94225210063,,0,,0,,0,,0,,0,,0,,0,,0,,0,,0,2018-07-16,13:38:21,000001
1,众泰汽车,7.170,7.100,7.120,7.200,7.030,7.110,7.120,3822712,27136833.240,62,7.110,410,7.100,236,7.090,523,7.080,131,7.070,458,7.120,2873,7.130,116,7.140,571,7.150,301,7.160,2018-07-16,13:38:24,000980
0,上证指数,2827.0823,2831.1837,2808.2698,2837.5092,2804.4929,0,0,77760140,94225210063,,0,,0,,0,,0,,0,,0,,0,,0,,0,,0,2018-07-16,13:38:21,000001
1,众泰汽车,7.170,7.100,7.120,7.200,7.030,7.110,7.120,3822712,27136833.240,62,7.110,410,7.100,236,7.090,523,7.080,131,7.070,458,7.120,2873,7.130,116,7.140,571,7.150,301,7.160,2018-07-16,13:38:24,000980
0,上证指数,2827.0823,2831.1837,2808.2698,2837.5092,2804.4929,0,0,77760140,94225210063,,0,,0,,0,,0,,0,,0,,0,,0,,0,,0,2018-07-16,13:38:21,000001
1,众泰汽车,7.170,7.100,7.120,7.200,7.030,7.110,7.120,3822712,27136833.240,62,7.110,410,7.100,236,7.090,523,7.080,131,7.070,458,7.120,2873,7.130,116,7.140,571,7.150,301,7.160,2018-07-16,13:38:24,000980
0,上证指数,2827.0823,2831.1837,2807.6297,2837.5092,2804.4929,0,0,77777888,94247700972,,0,,0,,0,,0,,0,,0,,0,,0,,0,,0,2018-07-16,13:38:26,000001
1,众泰汽车,7.170,7.100,7.120,7.200,7.030,7.110,7.120,3822712,27136833.240,62,7.110,489,7.100,236,7.090,523,7.080,131,7.070,458,7.120,2873,7.130,116,7.140,571,7.150,301,7.160,2018-07-16,13:38:30,000980
0,上证指数,2827.0823,2831.1837,2807.6297,2837.5092,2804.4929,0,0,77777888,94247700972,,0,,0,,0,,0,,0,,0,,0,,0,,0,,0,2018-07-16,13:38:26,000001
1,众泰汽车,7.170,7.100,7.120,7.200,7.030,7.110,7.120,3822712,27136833.240,62,7.110,489,7.100,236,7.090,523,7.080,131,7.070,458,7.120,2873,7.130,116,7.140,571,7.150,301,7.160,2018-07-16,13:38:30,000980
0,上证指数,2827.0823,2831.1837,2807.6297,2837.5092,2804.4929,0,0,77777888,94247700972,,0,,0,,0,,0,,0,,0,,0,,0,,0,,0,2018-07-16,13:38:26,000001
1,众泰汽车,7.170,7.100,7.120,7.200,7.030,7.110,7.120,3822712,27136833.240,62,7.110,489,7.100,236,7.090,523,7.080,131,7.070,458,7.120,2873,7.130,116,7.140,571,7.150,301,7.160,2018-07-16,13:38:30,000980
0,上证指数,2827.0823,2831.1837,2807.6297,2837.5092,2804.4929,0,0,77777888,94247700972,,0,,0,,0,,0,,0,,0,,0,,0,,0,,0,2018-07-16,13:38:26,000001
1,众泰汽车,7.170,7.100,7.120,7.200,7.030,7.110,7.120,3822712,27136833.240,71,7.110,489,7.100,186,7.090,523,7.080,131,7.070,458,7.120,2873,7.130,116,7.140,571,7.150,301,7.160,2018-07-16,13:38:33,000980
0,上证指数,2827.0823,2831.1837,2807.6297,2837.5092,2804.4929,0,0,77777888,94247700972,,0,,0,,0,,0,,0,,0,,0,,0,,0,,0,2018-07-16,13:38:26,000001
1,众泰汽车,7.170,7.100,7.120,7.200,7.030,7.110,7.120,3822712,27136833.240,71,7.110,489,7.100,186,7.090,523,7.080,131,7.070,458,7.120,2873,7.130,116,7.140,571,7.150,301,7.160,2018-07-16,13:38:33,000980
0,上证指数,2827.0823,2831.1837,2808.1531,2837.5092,2804.4929,0,0,77809315,94277950812,,0,,0,,0,,0,,0,,0,,0,,0,,0,,0,2018-07-16,13:38:31,000001
1,众泰汽车,7.170,7.100,7.120,7.200,7.030,7.110,7.120,3822712,27136833.240,71,7.110,489,7.100,186,7.090,523,7.080,131,7.070,458,7.120,2873,7.130,116,7.140,571,7.150,301,7.160,2018-07-16,13:38:33,000980
0,上证指数,2827.0823,2831.1837,2808.1531,2837.5092,2804.4929,0,0,77809315,94277950812,,0,,0,,0,,0,,0,,0,,0,,0,,0,,0,2018-07-16,13:38:31,000001
1,众泰汽车,7.170,7.100,7.120,7.200,7.030,7.110,7.120,3822712,27136833.240,71,7.110,489,7.100,186,7.090,523,7.080,131,7.070,458,7.120,2873,7.130,116,7.140,571,7.150,301,7.160,2018-07-16,13:38:33,000980
0,上证指数,2827.0823,2831.1837,2807.8606,2837.5092,2804.4929,0,0,77831913,94304421267,,0,,0,,0,,0,,0,,0,,0,,0,,0,,0,2018-07-16,13:38:36,000001
1,众泰汽车,7.170,7.100,7.120,7.200,7.030,7.110,7.120,3822712,27136833.240,71,7.110,489,7.100,186,7.090,523,7.080,131,7.070,458,7.120,2873,7.130,116,7.140,571,7.150,301,7.160,2018-07-16,13:38:33,000980
